City_ID,City,Lat,Lng,Max Temp,Humidity,Cloudiness,Wind Speed,Country,Date
0,cody,44.5263,-109.0565,52.92,37,20,19.57,US,1699731671
1,nemuro,43.3236,145.575,34.74,71,4,13.02,JP,1699731673
2,puerto natales,-51.7236,-72.4875,48.65,40,75,18.41,CL,1699731674
3,hermanus,-34.4187,19.2345,60.3,85,33,10.42,ZA,1699731399
4,blackmans bay,-43.0167,147.3167,47.52,76,100,1.01,AU,1699731668
5,port lincoln,-34.7333,135.8667,54.41,72,98,14.9,AU,1699731678
6,tsiombe,-25.3,45.4833,69.64,69,0,16.84,MG,1699731680
7,freeport,40.6576,-73.5832,56.25,47,75,12.66,US,1699731440
8,ushuaia,-54.8,-68.3,42.46,81,75,19.57,AR,1699731682
9,adamstown,-25.066,-130.1015,73.04,82,48,13.44,PN,1699731684
10,aasiaat,68.7098,-52.8699,11.95,77,100,8.08,GL,1699731667
11,brisas de zicatela,15.8369,-97.0419,86.52,54,20,8.05,MX,1699731687
12,margaret river,-33.95,115.0667,51.91,77,77,14.16,AU,1699731664
13,marka,1.7159,44.7717,80.94,78,97,12.88,SO,1699731689
14,necochea,-38.5473,-58.7368,67.75,54,2,9.73,AR,1699731413
15,bethel,41.3712,-73.414,52.16,55,75,5.75,US,1699731686
16,albany,42.6001,-73.9662,46.58,55,4,1.99,US,1699731417
17,isafjordur,66.0755,-23.124,33.6,87,100,5.32,IS,1699731407
18,nova vicosa,-17.8919,-39.3719,80.55,68,0,17.34,BR,1699731695
19,lubao,14.9167,120.55,80.31,84,78,5.57,PH,1699731696
20,thunder bay,48.4001,-89.3168,37.38,65,100,5.75,CA,1699731409
21,udachny,66.4167,112.4,10.45,87,98,11.86,RU,1699731699
22,belmonte,-15.8631,-38.8828,79.92,72,0,12.37,BR,1699731700
23,yerofey pavlovich,53.9667,121.9667,11.01,73,99,4.07,RU,1699731701
24,kayangel,8.0823,134.7173,83.44,79,100,11.63,PW,1699731702
25,churapcha,62.0025,132.4325,-2.18,98,100,1.36,RU,1699731704
26,grytviken,-54.2811,-36.5092,37.45,91,54,2.82,GS,1699731705
27,thompson,55.7435,-97.8558,33.96,80,75,8.05,CA,1699731706
28,talnakh,69.4865,88.3972,14.43,95,100,7.83,RU,1699731669
29,edinburgh of the seven seas,-37.0676,-12.3116,58.57,90,87,21.52,SH,1699731708
30,novobureyskiy,49.798,129.8774,-3.57,98,13,3.06,RU,1699731710
31,fuglafjordur,62.244,-6.814,36.07,63,100,14.2,FO,1699731712
32,chinchilla,-26.75,150.6333,64.42,80,23,11.56,AU,1699731713
33,bilibino,68.0546,166.4372,-23.48,100,37,4.23,RU,1699731714
34,hamilton,39.1834,-84.5333,54.0,49,0,8.05,US,1699731636
35,kodiak,57.79,-152.4072,35.11,55,75,25.32,US,1699731670
36,callao,-12.0667,-77.15,73.69,60,20,14.97,PE,1699731717
37,broome,42.2506,-75.833,43.63,72,100,11.5,US,1699731458
38,vorkuta,67.5,64.0,19.92,96,100,8.19,RU,1699731719
39,merizo village,13.2658,144.6691,82.96,83,100,19.91,GU,1699731721
40,pabellon de arteaga,22.15,-102.25,73.35,41,99,7.67,MX,1699731722
41,keflavik,64.0049,-22.5624,37.83,87,75,14.97,IS,1699731705
42,port-aux-francais,-49.35,70.2167,37.85,66,11,14.14,TF,1699731724
43,tolanaro,-25.0319,46.9987,73.47,64,40,13.8,MG,1699731721
44,port elizabeth,-33.918,25.5701,65.32,79,40,11.5,ZA,1699731728
45,san jose de jachal,-30.2406,-68.7469,94.73,3,0,32.91,AR,1699731729
46,booue,-0.0921,11.9385,73.78,94,100,2.3,GA,1699731730
47,zubtsov,56.1753,34.5894,39.56,88,100,7.7,RU,1699731732
48,puerto ayora,-0.7393,-90.3518,87.76,89,69,8.99,EC,1699731733
49,petropavlovsk-kamchatsky,53.0452,158.6483,34.39,98,75,20.13,RU,1699731654
50,yurty,56.0498,97.6348,5.94,97,5,2.37,RU,1699731735
51,anadyr,64.75,177.4833,1.9,77,20,8.95,RU,1699731736
52,georgetown,5.4112,100.3354,78.03,97,20,2.3,MY,1699731620
53,remire-montjoly,4.9167,-52.2667,83.17,75,7,12.03,GF,1699731443
54,karwar,14.8,74.1333,77.65,62,21,6.73,IN,1699731740
55,klyuchi,52.2667,79.1667,40.33,81,100,12.06,RU,1699731741
56,happy valley-goose bay,53.3168,-60.3315,28.71,64,75,5.75,CA,1699731742
57,pudozh,61.8099,36.5345,36.95,98,100,5.99,RU,1699731744
58,taradale,-39.5333,176.85,56.01,80,0,3.0,NZ,1699731745
59,arraial do cabo,-22.9661,-42.0278,85.96,74,0,13.8,BR,1699731538
60,hawaiian paradise park,19.5933,-154.9731,75.04,95,100,10.36,US,1699731748
61,hailun,47.45,126.9333,1.27,94,18,2.44,CN,1699731749
62,guerrero negro,27.9769,-114.0611,76.37,23,0,7.92,MX,1699731750
63,la passe,45.5549,-0.8967,52.03,97,100,15.1,FR,1699731682
64,titlagarh,20.3,83.15,68.2,66,0,1.21,IN,1699731753
65,peterhead,57.5058,-1.7981,39.45,75,52,10.83,GB,1699731754
66,avarua,-21.2078,-159.775,75.25,88,75,5.75,CK,1699731739
67,vorgashor,67.5833,63.95,19.76,96,100,8.43,RU,1699731708
68,mugia,43.1041,-9.2179,65.16,92,89,21.94,ES,1699731758
69,puerto leguizamo,-0.1934,-74.7819,81.82,90,89,2.44,CO,1699731759
70,iqaluit,63.7506,-68.5145,17.33,78,75,11.5,CA,1699731670
71,ilulissat,69.2167,-51.1,19.42,45,75,9.22,GL,1699731688
72,bredasdorp,-34.5322,20.0403,60.17,74,4,12.19,ZA,1699731666
73,mwene-ditu,-7.0,23.45,66.88,96,100,2.93,CD,1699731764
74,capao bonito,-24.0058,-48.3494,91.36,33,12,4.43,BR,1699731765
75,lompoc,34.6391,-120.4579,82.02,33,0,3.44,US,1699731766
76,tiksi,71.6872,128.8694,11.53,88,100,16.28,RU,1699731767
77,st. john's,47.5649,-52.7093,38.97,92,100,19.57,CA,1699731700
78,cobija,-11.0267,-68.7692,100.71,27,85,5.32,BO,1699731770
79,stantsiya novyy afon,43.0806,40.8383,65.46,55,100,6.55,GE,1699731771
80,arkhangel'sk,64.5401,40.5433,19.13,98,64,1.72,RU,1699731772
81,bamboo flat,11.7,92.7167,82.49,83,40,2.3,IN,1699731773
82,wailua homesteads,22.0669,-159.378,81.03,80,100,11.5,US,1699731688
83,waitangi,-43.9535,-176.5597,55.81,85,3,4.0,NZ,1699731777
84,hoi an,15.8794,108.335,78.76,89,11,3.53,VN,1699731778
85,papatowai,-46.5619,169.4708,56.64,52,100,13.02,NZ,1699731779
86,minas de marcona,-15.2119,-75.1103,63.88,76,64,15.05,PE,1699731455
87,skeldon,5.8833,-57.1333,84.07,71,46,9.6,GY,1699731782
88,yellowknife,62.456,-114.3525,32.41,100,75,9.22,CA,1699731783
89,island harbour,50.724,-1.2758,48.47,90,100,7.0,GB,1699731785
90,rio grande,-32.035,-52.0986,73.51,81,49,14.43,BR,1699731786
91,licheng,23.2955,113.8284,70.86,90,98,4.45,CN,1699731787
92,whitehorse,60.7161,-135.0538,30.97,92,75,12.66,CA,1699731524
93,tura,25.5198,90.2201,64.56,87,0,3.89,IN,1699731789
94,altamont,42.2068,-121.7372,52.79,63,31,5.99,US,1699731791
95,mariehamn,60.0973,19.9348,40.82,100,100,1.14,AX,1699731792
96,khandyga,62.6667,135.6,-12.95,96,100,4.12,RU,1699731671
97,broken hill,-31.95,141.4333,62.04,30,31,16.13,AU,1699731795
98,cabo san lucas,22.8909,-109.9124,86.76,54,0,4.61,MX,1699731666
99,sao desiderio,-12.3633,-44.9733,93.99,22,86,7.92,BR,1699731798
100,hadibu,12.65,54.0333,79.84,86,100,13.33,YE,1699731615
101,jianguang,28.1938,115.7836,53.56,85,100,11.05,CN,1699731800
102,praia da vitoria,38.7333,-27.0667,68.25,77,20,8.9,PT,1699731789
103,uturoa,-16.7333,-151.4333,80.71,82,93,11.9,PF,1699731484
104,chonchi,-42.6128,-73.8092,47.41,93,96,10.69,CL,1699731804
105,enewetak,11.3474,162.3373,82.8,76,79,15.88,MH,1699731515
106,hami,42.8,93.45,39.79,26,100,8.39,CN,1699731768
107,invercargill,-46.4,168.35,60.03,56,100,17.0,NZ,1699731684
108,as sulayyil,20.4607,45.5779,71.85,40,24,7.78,SA,1699731810
109,ribeira grande,38.5167,-28.7,68.4,94,75,15.99,PT,1699731811
110,college,64.8569,-147.8028,15.75,82,100,4.61,US,1699731812
111,toliara,-23.35,43.6667,74.89,62,0,10.56,MG,1699731814
112,corner brook,48.9667,-57.9484,37.56,90,100,7.34,CA,1699731815
113,san antonio de pale,-1.4014,5.6325,79.36,83,100,10.78,GQ,1699731672
114,longyearbyen,78.2186,15.6401,24.64,63,75,17.27,SJ,1699731818
115,las praderas,-3.3348,-79.7984,82.08,62,64,7.18,EC,1699731819
116,monterey,36.2505,-121.2516,67.17,24,85,2.04,US,1699731821
117,mercedes,-34.6515,-59.4307,80.94,53,0,6.82,AR,1699731822
118,bayanhongor,46.7167,100.1167,2.23,59,6,4.05,MN,1699731823
119,kandalaksha,67.162,32.4123,10.9,95,37,4.0,RU,1699731824
120,zhongxing,33.7039,118.6792,40.84,73,95,7.9,CN,1699731825
121,nuku'alofa,-21.1333,-175.2,71.94,83,100,14.97,TO,1699731736
122,qusmuryn,52.4503,64.6311,42.71,82,99,8.75,KZ,1699731828
123,olonkinbyen,70.9221,-8.7187,33.82,98,100,12.57,SJ,1699731829
124,vilyuchinsk,52.9306,158.4028,35.87,73,59,43.98,RU,1699731719
125,atafu village,-8.5421,-172.5159,83.52,77,93,8.3,TK,1699731683
126,walvis bay,-22.9575,14.5053,63.55,77,100,8.05,NA,1699731554
127,ust-nera,64.5667,143.2,-28.35,98,72,3.91,RU,1699731751
128,pointe-noire,-4.7761,11.8635,78.35,86,100,2.95,CG,1699731835
129,utrik,11.2278,169.8474,81.73,83,100,18.5,MH,1699731836
130,laguna,38.421,-121.4238,69.64,46,0,4.61,US,1699731837
131,quincy,42.2529,-71.0023,51.76,44,20,14.97,US,1699731838
132,port mathurin,-19.6833,63.4167,76.73,82,6,5.08,MU,1699731839
133,ponta delgada,37.7333,-25.6667,70.2,94,75,8.05,PT,1699731457
134,leh,34.1667,77.5833,31.73,48,0,1.86,IN,1699731842
135,brooks,50.5834,-111.8851,53.22,41,59,25.32,CA,1699731843
136,kirakira,-10.4544,161.9205,79.34,88,100,9.93,SB,1699731845
137,sao vicente,-23.9631,-46.3919,102.38,49,0,4.61,BR,1699731846
138,takoradi,4.8845,-1.7554,79.0,88,14,8.75,GH,1699731615
139,dadiya,9.6167,11.4333,81.81,35,57,2.3,NG,1699731849
140,guiuan,11.0333,125.7247,82.94,76,16,9.19,PH,1699731850
141,dehdasht,30.7949,50.5646,66.43,35,50,2.57,IR,1699731852
142,gargalianoi,37.0667,21.6333,63.36,76,87,7.18,GR,1699731853
143,west island,-12.1568,96.8225,78.78,83,40,9.22,CC,1699731854
144,bam,29.106,58.357,65.23,30,61,1.14,IR,1699731855
145,tateyama,34.9833,139.8667,54.1,83,100,13.69,JP,1699731857
146,kijang,35.2442,129.2139,38.93,41,100,6.78,KR,1699731719
147,sanctuary point,-35.1114,150.629,64.74,81,100,6.17,AU,1699731861
148,jamestown,42.097,-79.2353,43.52,60,100,9.22,US,1699731601
149,flin flon,54.7682,-101.865,35.44,75,0,12.66,CA,1699731865
150,labrador city,52.9463,-66.9114,21.11,79,100,6.91,CA,1699731523
151,reggane,26.7158,0.1714,78.93,19,0,10.25,DZ,1699731867
152,port alfred,-33.5906,26.891,65.17,88,34,4.0,ZA,1699731720
153,vernon,50.2581,-119.2691,51.75,62,95,14.0,CA,1699731863
154,vinukonda,16.05,79.75,71.6,89,66,1.7,IN,1699731872
155,taro,-8.3862,115.28,73.4,96,37,0.51,ID,1699731873
156,saipan,15.1355,145.701,83.1,83,40,19.57,MP,1699731865
157,calbuco,-41.768,-73.1273,49.21,69,65,21.41,CL,1699731876
158,kone,-21.0595,164.8658,72.1,69,33,5.01,NC,1699731737
159,howrah,22.5892,88.3103,75.2,83,0,0.0,IN,1699731878
160,lebu,-37.6167,-73.65,52.32,51,12,15.5,CL,1699731669
161,imbituba,-28.24,-48.6703,83.86,95,100,5.01,BR,1699731881
162,punta arenas,-53.15,-70.9167,50.02,49,0,16.11,CL,1699731706
163,saint-francois,46.4154,3.9054,43.65,99,0,3.44,FR,1699731883
164,manay,7.215,126.5397,76.57,74,33,5.7,PH,1699731886
165,peniche,39.3558,-9.3811,66.29,90,100,15.17,PT,1699731887
166,kasempa,-13.4584,25.8338,74.73,52,100,3.22,ZM,1699731888
167,san luis de la loma,17.2706,-100.8939,85.96,69,8,5.41,MX,1699731757
168,nagqu,31.5,92.0,24.94,63,100,9.82,CN,1699731864
169,xichang,27.8964,102.2634,51.76,88,7,1.92,CN,1699731769
170,mtambile,-5.3833,39.7,78.66,85,92,9.37,TZ,1699731893
171,zelenoborskiy,66.845,32.3622,10.65,90,63,5.14,RU,1699731894
172,matale,7.4721,80.6234,72.09,98,100,1.05,LK,1699731895
173,novodvinsk,64.4165,40.8122,18.79,98,72,2.59,RU,1699731769
174,umba,66.6871,34.3429,20.71,89,6,7.96,RU,1699731897
175,portland,45.5234,-122.6762,54.55,91,100,8.99,US,1699731793
176,krasnyy chikoy,50.3643,108.7512,4.26,97,46,2.48,RU,1699731899
177,sturgeon bay,44.8342,-87.377,43.16,61,100,5.75,US,1699731901
178,papao,-17.75,-149.55,87.48,78,67,12.5,PF,1699731902
179,xuchang,34.0167,113.8167,35.35,78,7,1.39,CN,1699731903
180,ilhabela,-23.7781,-45.3581,78.49,81,1,6.67,BR,1699731905
181,flekkefjord,58.2971,6.6607,38.95,85,99,4.5,NO,1699731907
182,kununurra,-15.7667,128.7333,73.38,94,75,0.0,AU,1699731908
183,weno,7.4515,151.8468,82.35,89,40,8.05,FM,1699731645
184,gadzhiyevo,69.2551,33.3362,21.85,89,91,6.49,RU,1699731720
185,acapulco de juarez,16.8634,-99.8901,87.01,64,3,6.2,MX,1699731913
186,ta`u,-14.2336,-169.5144,81.57,80,54,11.1,AS,1699731666
187,aitape,-3.1374,142.3475,77.76,89,95,4.81,PG,1699731915
188,yuzhno-kurilsk,44.0306,145.8556,36.37,80,56,11.68,RU,1699731917
189,constantia,44.1833,28.65,52.48,77,37,17.31,RO,1699731607
190,crane,31.3974,-102.3501,56.21,71,96,6.02,US,1699731783
191,kapuskasing,49.4169,-82.4331,30.29,80,100,6.91,CA,1699731756
192,agat village,13.3886,144.6585,83.34,79,0,14.97,GU,1699731767
193,nuuk,64.1835,-51.7216,23.61,74,75,6.91,GL,1699731738
194,makokou,0.5738,12.8642,70.81,99,100,2.86,GA,1699731925
195,aripuana,-9.1667,-60.6333,94.66,38,100,0.4,BR,1699731929
196,geraldton,-28.7667,114.6,66.61,68,72,9.22,AU,1699731802
197,covington,39.0837,-84.5086,54.46,50,0,8.05,US,1699731807
198,ilave,-16.0833,-69.6667,60.33,39,71,8.97,PE,1699731934
199,lakatoro,-16.0999,167.4164,78.13,77,90,18.12,VU,1699731936
200,celestun,20.8667,-90.4,82.42,80,84,10.04,MX,1699731939
201,chibougamau,49.9168,-74.3659,26.22,68,100,8.05,CA,1699731940
202,yen vinh,18.6667,105.6667,75.78,91,35,3.18,VN,1699731941
203,plastun,44.7561,136.2939,18.32,63,0,6.58,RU,1699731942
204,sinabang,2.4803,96.3801,78.82,85,100,4.03,ID,1699731783
205,caxito,-8.5785,13.6643,77.11,90,100,3.4,AO,1699731913
206,newman,37.3138,-121.0208,68.05,41,100,4.0,US,1699731941
207,ola,59.5833,151.2833,-0.51,82,6,11.95,RU,1699731753
208,labytnangi,66.6572,66.4183,10.67,98,53,4.52,RU,1699731671
209,pailin,12.849,102.6093,72.79,97,77,0.65,KH,1699731951
210,fortuna,40.5982,-124.1573,64.92,64,0,1.99,US,1699731953
211,turochak,52.2576,87.1224,31.5,98,100,2.06,RU,1699731954
212,manakara,-22.1333,48.0167,72.0,68,87,4.9,MG,1699731701
213,cromer,52.9312,1.2989,46.08,80,22,6.62,GB,1699731956
214,sisimiut,66.9395,-53.6735,20.84,92,100,11.86,GL,1699731722
215,kendari,-3.945,122.4989,74.55,93,70,2.48,ID,1699731959
216,haiku-pauwela,20.9219,-156.3051,79.16,67,20,20.71,US,1699731534
217,cabedelo,-6.9811,-34.8339,84.87,69,63,15.57,BR,1699731961
218,alburquerque,39.2208,-7.0023,59.68,90,100,5.23,ES,1699731962
219,inari,68.906,27.0288,3.4,100,90,2.84,FI,1699731964
220,amga,60.8953,131.9608,9.27,96,100,3.11,RU,1699731894
221,kerikeri,-35.2268,173.9474,59.54,60,5,3.36,NZ,1699731751
222,strezhevoy,60.7333,77.5889,31.96,98,100,5.99,RU,1699731968
223,namsos,64.4662,11.4957,35.65,55,20,20.71,NO,1699731969
224,kalabo,-14.97,22.6814,78.4,47,95,2.84,ZM,1699731970
225,villamontes,-21.25,-63.5,111.79,16,14,10.6,BO,1699731972
226,bacacay,13.2934,123.7919,79.88,83,92,6.76,PH,1699731973
227,nova sintra,14.8667,-24.7167,72.75,71,23,12.3,CV,1699731892
228,kitob,39.0843,66.8332,52.47,63,93,1.41,UZ,1699731976
229,mae hong son,19.3003,97.9685,73.44,90,99,1.77,TH,1699731977
230,stanley,54.868,-1.6985,40.28,95,75,2.3,GB,1699731739
231,bikenibeu village,1.3673,173.1241,82.36,83,100,12.66,KI,1699731768
232,freetown,8.484,-13.2299,80.31,89,75,4.61,SL,1699731981
233,robore,-18.3333,-59.75,108.61,18,65,15.66,BO,1699731982
234,ebaye,8.7748,167.7392,80.62,89,0,9.22,MH,1699731983
235,betare oya,5.6,14.0833,70.66,86,100,4.07,CM,1699731985
236,xinyi,22.373,110.9475,74.07,93,72,3.89,CN,1699731986
237,smithers,54.7804,-127.1743,37.72,87,75,0.0,CA,1699731722
238,kutulik,53.3508,102.7839,8.58,87,3,3.47,RU,1699731988
239,prince albert,53.2001,-105.7677,37.35,60,20,12.66,CA,1699731989
240,karachi,24.9056,67.0822,69.62,49,44,0.0,PK,1699731991
241,igrim,63.1906,64.4162,30.47,94,100,3.85,RU,1699731992
242,griffith,41.5284,-87.4237,53.06,53,0,1.01,US,1699731993
243,hithadhoo,-0.6,73.0833,80.98,83,28,10.74,MV,1699731636
244,tamanrasset,22.785,5.5228,71.51,11,0,5.75,DZ,1699731785
245,colonia,50.9333,6.95,44.96,85,75,4.61,DE,1699731685
246,ancud,-41.8697,-73.8203,46.45,68,61,20.58,CL,1699731768
247,hammerfest,70.6634,23.6821,28.85,69,40,4.61,NO,1699731455
248,ambon,-3.6954,128.1814,81.09,14,20,4.61,ID,1699732003
249,baharly,38.4362,57.4316,55.53,58,5,7.61,TM,1699732004
250,piti village,13.4626,144.6933,83.28,78,0,14.97,GU,1699732005
251,iskateley,67.6803,53.1512,16.02,95,21,7.0,RU,1699731411
252,qui nhon,13.7667,109.2333,76.41,92,24,7.43,VN,1699731985
253,lihue,21.9789,-159.3672,81.64,74,100,11.5,US,1699731893
254,abepura,-2.6333,140.5833,77.81,89,20,0.0,ID,1699732010
255,malvan,16.0667,73.4667,80.92,62,63,6.6,IN,1699732011
256,mhamid,29.82,-5.72,75.88,22,4,5.64,MA,1699732013
257,novo aripuana,-5.1206,-60.3797,89.92,53,83,6.08,BR,1699732014
258,yarkovo,57.4028,67.0786,35.22,98,100,3.06,RU,1699732015
259,ambalangoda,6.2355,80.0538,78.28,87,99,4.5,LK,1699732016
260,sitka,57.0531,-135.33,40.89,81,75,6.91,US,1699731734
261,sparti,37.0733,22.4297,63.95,89,77,3.87,GR,1699732019
262,punta cardon,11.6581,-70.215,84.72,73,100,27.31,VE,1699732020
263,tazacorte,28.629,-17.9293,71.15,90,75,11.5,ES,1699731894
264,miyako,39.6367,141.9525,38.32,77,25,3.53,JP,1699732022
265,nadym,65.5333,72.5167,31.98,99,100,11.97,RU,1699732024
266,flying fish cove,-10.4217,105.6791,78.48,78,100,10.36,CX,1699731750
267,mount isa,-20.7333,139.5,71.37,88,14,5.75,AU,1699731708
268,lajedo,-8.6636,-36.32,77.47,47,5,14.5,BR,1699732028
269,nuevitas,21.5453,-77.2644,83.57,73,10,14.54,CU,1699732029
270,ferkessedougou,9.6,-5.2,79.0,71,51,6.24,CI,1699732030
271,arkalyk,50.2486,66.9114,38.75,88,68,12.06,KZ,1699731971
272,carnarvon,-24.8667,113.6333,69.44,80,80,15.01,AU,1699731752
273,sangueya,10.7,-14.3667,78.31,80,14,4.18,GN,1699732034
274,kachug,53.9606,105.8817,4.26,96,6,0.78,RU,1699732035
275,nicoya,10.1483,-85.452,82.42,80,100,2.75,CR,1699732036
276,beoumi,7.6736,-5.5764,78.03,79,12,3.02,CI,1699732039
277,beloyarskiy,63.7119,66.6722,32.0,99,100,5.99,RU,1699732040
278,new norfolk,-42.7826,147.0587,48.7,81,93,3.42,AU,1699731800
279,tillaberi,14.2117,1.4531,86.63,9,48,11.5,NE,1699732043
280,huanren,41.2647,125.3667,18.84,73,11,3.76,CN,1699732044
281,corfu,39.62,19.9197,60.82,82,40,0.0,GR,1699731846
282,parvatipuram,18.7833,83.4333,69.73,76,6,3.22,IN,1699732047
283,letterkenny,54.95,-7.7333,44.53,97,88,3.49,IE,1699731775
284,kingston,17.997,-76.7936,92.35,62,20,20.71,JM,1699731668
285,kem',64.9555,34.5793,28.54,86,76,8.19,RU,1699732050
286,igarka,67.4667,86.5833,16.09,95,100,13.15,RU,1699731911
287,jiaojiang,28.6803,121.4428,59.0,93,100,6.91,CN,1699732053
288,rongelap,11.1635,166.8941,81.3,82,100,16.89,MH,1699731924
289,siwa oasis,29.2041,25.5195,72.41,47,0,3.24,EG,1699731970
290,la manga del mar menor,37.6413,-0.7165,70.41,59,0,6.91,ES,1699732056
291,tamandare,-8.7597,-35.1047,79.74,66,55,10.74,BR,1699731911
292,urengoy,65.9667,78.3667,24.26,97,100,10.38,RU,1699732059
293,al jawf,29.5,38.75,74.89,30,96,13.11,SA,1699732060
294,hasaki,35.7333,140.8333,52.29,70,100,17.38,JP,1699731652
295,khoni,42.3226,42.4206,58.19,55,0,21.85,GE,1699732063
296,moussoro,13.6408,16.4901,85.71,17,95,9.69,TD,1699732064
297,la ligua,-32.4524,-71.2311,67.15,54,100,8.99,CL,1699732066
298,santa ana de yacuma,-13.75,-65.4333,96.75,44,75,13.8,BO,1699732067
299,tofol,5.3248,163.0078,78.58,89,100,3.44,FM,1699732070
300,fremantle,-32.05,115.7667,61.99,63,75,12.66,AU,1699732071
301,tselinnoye,53.0833,85.6667,33.4,99,100,6.33,RU,1699732072
302,severo-yeniseyskiy,60.3725,93.0408,19.58,95,100,1.99,RU,1699731688
303,shakawe,-18.3667,21.85,83.37,25,65,4.29,BW,1699732074
304,sangin,32.0728,64.8359,59.97,19,100,3.44,AF,1699732075
305,kansk,56.2017,95.7175,7.14,94,9,2.55,RU,1699732077
306,san rafael,-34.6177,-68.3301,83.16,17,32,9.19,AR,1699731997
307,manggar,-2.8833,108.2667,80.31,79,92,2.71,ID,1699732079
308,santa terezinha,-29.9002,-50.0904,70.61,95,100,8.03,BR,1699732080
309,daru,-9.0763,143.2092,77.29,77,100,9.13,PG,1699731862
310,faranah,10.0404,-10.7434,78.89,61,80,0.51,GN,1699732083
311,qarazhal,48.0078,70.7903,41.58,77,78,19.69,KZ,1699732084
312,tucurui,-3.7661,-49.6725,89.1,49,98,1.86,BR,1699731909
313,brookings,44.3114,-96.7984,49.44,58,0,10.36,US,1699731754
314,nar'yan-mar,67.6713,53.087,16.11,95,20,7.0,RU,1699731701
315,paita,-5.0892,-81.1144,73.44,71,48,18.23,PE,1699732089
316,san patricio,28.017,-97.5169,59.85,89,100,7.2,US,1699731752
317,rumonge,-3.9736,29.4386,71.6,87,100,10.63,BI,1699732091
318,antsiranana,-12.2787,49.2917,77.85,82,47,11.12,MG,1699731683
319,rabaul,-4.1967,152.1721,77.76,79,89,11.83,PG,1699731411
320,kafr ash shaykh,31.1143,30.9401,70.54,79,38,9.22,EG,1699732095
321,helong,42.5397,128.9972,13.26,83,6,4.43,CN,1699732096
322,hanzhong,33.0728,107.0303,42.28,90,100,1.59,CN,1699732098
323,abadeh,31.1608,52.6506,52.99,30,4,2.21,IR,1699731802
324,lazaro cardenas,17.9583,-102.2,86.36,64,6,7.05,MX,1699731802
325,dudinka,69.4058,86.1778,14.68,96,100,8.99,RU,1699731767
326,east london,-33.0153,27.9116,65.95,76,31,14.29,ZA,1699731723
327,umm kaddadah,13.6017,26.6876,84.87,26,94,6.49,SD,1699732105
328,guasdualito,7.2424,-70.7324,80.56,89,75,4.61,VE,1699732106
329,west bay,19.3667,-81.4167,89.67,77,40,14.97,KY,1699732107
330,aykhal,66.0,111.5,5.65,92,100,6.71,RU,1699731926
331,bayganin,48.6947,55.8742,39.11,74,74,12.24,KZ,1699732110
332,bandon,51.7469,-8.7425,49.59,94,100,21.59,IE,1699732111
333,howard springs,-12.497,131.047,80.87,83,78,5.39,AU,1699731736
334,mount pearl,47.5166,-52.7813,38.14,91,100,19.57,CA,1699731684
335,mangaldai,26.4333,92.0333,66.72,82,0,4.5,IN,1699732116
336,oranjemund,-28.55,16.4333,59.79,90,0,15.5,NA,1699732117
337,nguigmi,14.2495,13.1092,84.97,23,100,8.37,NE,1699732118
338,valdivia,-39.8142,-73.2459,51.89,46,5,10.94,CL,1699732119
339,barra de santo antonio,-9.4047,-35.5072,85.28,68,76,11.05,BR,1699732121
340,gourcy,13.2167,-2.35,85.64,12,100,9.37,BF,1699732122
341,sungailiat,-1.85,106.1333,81.27,78,100,3.0,ID,1699731771
342,noshiro,40.2039,140.0242,42.93,67,99,13.47,JP,1699732125
343,saurimo,-9.6608,20.3916,65.44,88,73,3.78,AO,1699732126
344,port augusta,-32.5,137.7667,58.91,61,52,16.02,AU,1699731956
345,qaqortoq,60.7167,-46.0333,26.2,73,44,8.77,GL,1699731665
346,hafar al-batin,28.4328,45.9708,68.58,34,0,5.75,SA,1699732129
347,yanam,16.7333,82.2167,75.27,79,18,4.21,IN,1699732130
348,kapa'a,22.0752,-159.319,82.38,80,100,11.5,US,1699731752
349,loches,47.1333,1.0,48.54,85,100,8.1,FR,1699732133
350,menongue,-14.6585,17.691,65.52,79,73,3.94,AO,1699732134
351,gebeit,21.0667,36.3167,76.3,65,1,8.37,SD,1699731800
352,vif,45.05,5.6667,46.15,87,97,3.27,FR,1699732136
353,belyy yar,53.6039,91.3903,8.49,85,100,0.0,RU,1699731429
354,santa eulalia,-11.85,-76.6833,63.64,49,14,10.8,PE,1699732138
355,kharan,28.5833,65.4167,64.94,16,4,4.56,PK,1699732139
356,springs,-26.25,28.4,73.69,65,47,6.93,ZA,1699732141
357,taltal,-25.4,-70.4833,68.13,63,22,8.43,CL,1699731719
358,new shagunnu,10.3396,4.4688,85.17,45,55,2.15,NG,1699732143
359,mikhaylovka,50.06,43.2379,41.79,70,100,14.32,RU,1699732144
360,cill airne,52.05,-9.5167,45.66,92,100,17.45,IE,1699732146
361,santa isabel,-23.3156,-46.2214,94.3,28,15,6.31,BR,1699732147
362,usinsk,65.9939,57.5281,24.08,92,100,10.0,RU,1699732148
363,berezovyy,51.6667,135.7,13.37,60,12,4.68,RU,1699731942
364,egilsstadir,65.2653,-14.3948,19.31,86,0,4.61,IS,1699731685
365,potosi,-19.5836,-65.7531,63.23,21,97,3.04,BO,1699732151
366,mangai,-4.05,19.5333,70.95,99,92,2.68,CD,1699732153
367,ghanzi,-21.5667,21.7833,85.06,21,8,9.95,BW,1699732016
368,tommot,58.9564,126.2925,18.09,88,100,14.16,RU,1699732155
369,nizhnesortymskiy,62.4397,71.7603,31.41,99,100,13.82,RU,1699732157
370,qarqin,37.4185,66.0436,55.99,45,41,9.8,AF,1699732159
371,lalibela,12.0333,39.0333,60.66,50,92,7.45,ET,1699732160
372,galesong,-5.3166,119.3661,77.02,77,62,6.22,ID,1699731787
373,puerto carreno,6.189,-67.4859,91.38,58,40,5.75,CO,1699732163
374,zhosaly,45.4878,64.0781,45.12,69,94,17.18,KZ,1699732165
375,quzhou,28.9594,118.8686,53.96,95,100,3.83,CN,1699732166
376,palmer,42.1584,-72.3287,51.06,46,0,11.5,US,1699731861
377,cole harbour,44.6724,-63.4751,40.93,81,87,17.27,CA,1699731863
378,marsh harbour,26.5412,-77.0636,80.38,74,24,13.29,BS,1699732169
379,douglas,41.3,-96.167,54.68,51,100,21.85,US,1699731609
380,kalmunai,7.4167,81.8167,78.46,88,100,4.14,LK,1699731685
381,palikir - national government center,6.9248,158.1611,75.94,94,75,3.44,FM,1699731668
382,aral,40.5156,81.2636,44.13,39,7,5.61,CN,1699732176
383,tazovsky,67.4667,78.7,24.53,97,100,10.94,RU,1699731720
384,nyurba,63.2842,118.3319,14.38,89,73,8.08,RU,1699731943
385,merritt,50.1123,-120.7942,50.32,61,46,1.99,CA,1699732165
386,codrington,-38.2667,141.9667,54.18,62,100,8.77,AU,1699731734
387,antofagasta,-23.65,-70.4,67.28,67,16,12.44,CL,1699732182
388,bisceglie,41.242,16.5044,55.18,55,7,4.0,IT,1699732183
389,tyuratam,45.6507,63.3156,45.01,67,94,18.19,KZ,1699732185
390,praia,14.9215,-23.5087,79.34,65,20,13.8,CV,1699732186
391,boa vista,2.8197,-60.6733,93.18,43,40,6.91,BR,1699732187
392,el granada,37.5027,-122.4694,72.43,56,0,6.91,US,1699731767
393,tres palos,18.1833,-101.6167,89.1,53,42,3.47,MX,1699732189
394,znamenskoye,57.1281,73.8282,32.52,99,100,3.18,RU,1699732190
395,vila velha,-20.3297,-40.2925,84.15,80,0,20.71,BR,1699731554
396,santa catalina,9.3337,122.8637,78.01,86,18,4.5,PH,1699732193
397,traunreut,47.9627,12.5923,41.18,76,65,1.01,DE,1699732194
398,zboriv,49.6648,25.141,42.4,86,100,5.3,UA,1699732196
399,sorong,-0.8833,131.25,78.73,87,100,8.84,ID,1699731999
400,lambarene,-0.7001,10.2406,74.66,97,100,2.75,GA,1699732199
401,imperatriz,-5.5264,-47.4917,95.05,46,20,4.61,BR,1699732201
402,la'ie,21.6477,-157.9253,84.16,72,22,5.99,US,1699731848
403,turabah,21.2141,41.6331,70.61,26,0,13.8,SA,1699732203
404,san andres,12.5847,-81.7006,86.02,84,20,12.66,CO,1699731666
405,okhotsk,59.3833,143.3,-4.04,89,3,20.31,RU,1699731666
406,gambiran satu,-8.3939,114.1464,73.45,96,20,2.1,ID,1699732207
407,dapaong,10.8639,0.205,87.33,27,2,2.8,TG,1699731787
408,phongsali,21.6833,102.1058,63.48,73,98,0.34,LA,1699732210
409,grande prairie,55.1667,-118.8027,42.98,65,75,3.44,CA,1699732021
410,murzuq,25.9155,13.9184,73.24,24,0,6.64,LY,1699732212
411,pisco,-13.7,-76.2167,71.65,78,100,11.5,PE,1699731912
412,xai-xai,-25.0519,33.6442,74.71,66,0,14.41,MZ,1699732215
413,aras-asan,8.8908,126.3033,77.97,86,46,3.78,PH,1699732216
414,eldorado,-23.7869,-54.2836,98.02,36,99,5.03,BR,1699732063
415,agdas,40.65,47.4761,47.86,63,73,3.04,AZ,1699732219
416,fort st. john,56.2499,-120.8529,39.09,65,75,13.8,CA,1699731485
417,port douglas,-16.4833,145.4667,73.24,82,34,8.9,AU,1699731783
418,volkhov,59.9258,32.3382,38.62,96,96,4.09,RU,1699732222
419,lerwick,60.1545,-1.1494,41.0,77,100,13.76,GB,1699731800
420,susuman,62.7833,148.1667,-27.9,100,82,0.18,RU,1699731735
421,boyolangu,-8.1181,111.8935,75.72,90,67,3.02,ID,1699732228
422,spring creek,40.7266,-115.5859,49.3,25,68,9.35,US,1699732229
423,masuguru,-11.3667,38.4167,82.35,62,67,7.14,TZ,1699732231
424,tefe,-3.3542,-64.7114,93.31,55,40,2.3,BR,1699732232
425,suchindram,8.15,77.4833,76.87,88,100,17.02,IN,1699732233
426,katsuren-haebaru,26.3369,127.8719,68.4,88,75,11.5,JP,1699731772
427,el obeid,13.1842,30.2167,86.11,37,65,6.22,SD,1699732236
428,boda,4.3189,17.4695,71.42,94,98,0.85,CF,1699732237
429,zaozersk,69.4005,32.4476,17.65,97,59,4.61,RU,1699731721
430,camabatela,-8.1881,15.375,63.32,97,83,1.43,AO,1699732239
431,majagual,8.5389,-74.6204,91.63,60,49,3.69,CO,1699732241
432,ocean shores,46.9737,-124.1563,56.01,85,100,16.11,US,1699732194
433,berdigestyakh,62.0989,126.6992,15.8,92,100,10.0,RU,1699732243
434,buka,40.8108,69.1986,49.91,84,96,7.83,UZ,1699732244
435,neiafu,-18.65,-173.9833,74.08,94,100,11.5,TO,1699732245
436,turgenevo,54.8455,46.3297,36.63,89,100,4.99,RU,1699732247
437,port saint john's,-31.6229,29.5448,67.53,88,97,12.01,ZA,1699732248
438,swakopmund,-22.6833,14.5333,63.45,84,100,6.69,NA,1699732249
439,rumphi,-11.0186,33.8575,70.0,74,22,4.23,MW,1699732250
440,osiek,49.9507,19.2644,45.0,87,100,6.73,PL,1699732251
441,jinsha,32.0898,121.0735,47.98,89,100,14.52,CN,1699732252
442,mukalla,14.5425,49.1242,80.98,72,93,4.81,YE,1699732253
443,wenzhou,27.9994,120.6668,59.36,91,100,3.78,CN,1699732174
444,skovorodino,53.9833,123.9167,8.38,86,100,3.65,RU,1699732256
445,luanda,-8.8368,13.2343,78.8,83,40,9.22,AO,1699731601
446,caleta de carquin,-11.0925,-77.6267,72.54,72,22,13.71,PE,1699731942
447,prince rupert,54.3161,-130.3201,46.09,75,75,13.8,CA,1699731855
448,goshainganj,26.5833,82.3833,68.36,65,0,6.06,IN,1699732260
449,kenai,60.5544,-151.2583,27.14,98,75,4.61,US,1699732261
450,tobelo,1.7284,128.0095,79.56,82,100,3.02,ID,1699731734
451,twon-brass,4.3151,6.2418,80.91,82,58,9.28,NG,1699732264
452,bodo,67.28,14.405,32.04,64,0,24.16,NO,1699731696
453,burkburnett,34.0979,-98.5706,62.38,45,0,5.75,US,1699732267
454,priozersk,61.0393,30.1291,45.0,88,100,5.1,RU,1699731750
455,ashta,23.0167,76.7167,65.48,31,3,7.96,IN,1699732270
456,lugovoye,42.9094,72.7178,42.58,77,100,2.75,KZ,1699732271
457,wewak,-3.5534,143.6268,78.33,87,100,5.84,PG,1699732273
458,rawson,-43.3002,-65.1023,66.49,45,95,16.11,AR,1699732249
459,kristiansund,63.1115,7.732,36.25,69,75,5.75,NO,1699732277
460,mozarlandia,-14.7447,-50.5706,97.09,24,87,4.76,BR,1699731754
461,naze,28.3667,129.4833,59.92,87,98,14.41,JP,1699731737
462,gangtok,27.3333,88.6167,48.97,61,7,5.88,IN,1699732282
463,kokopo,-4.352,152.2633,75.31,83,93,10.45,PG,1699732283
464,taroa,8.7058,171.2275,82.38,82,100,13.73,MH,1699731751
465,stephenville,32.2207,-98.2023,64.17,61,0,4.61,US,1699731912
466,otterndorf,53.8,8.9,43.03,95,100,3.44,DE,1699732287
467,fale old settlement,-9.3852,-171.2468,83.5,74,94,7.2,TK,1699732288
468,tarinkot,32.6268,65.8733,52.25,26,79,0.51,AF,1699732289
469,parry sound,45.3501,-80.033,37.45,60,6,6.13,CA,1699732059
470,lospalos,-8.5186,127.0025,69.71,90,4,1.63,TL,1699732293
471,south hedland,-20.4089,118.5983,73.33,88,2,10.36,AU,1699732294
472,matoury,4.8483,-52.3317,84.58,67,7,10.04,GF,1699732296
473,badger,64.8,-147.5333,15.67,85,100,4.61,US,1699732298
474,greenville,35.6127,-77.3663,53.76,83,100,3.44,US,1699732009
475,sandnessjoen,66.0217,12.6316,28.92,67,0,15.3,NO,1699731925
476,virginia,37.5481,-77.4467,61.21,51,40,5.75,US,1699732125
477,merced,37.1666,-120.7516,68.05,40,100,4.97,US,1699732252
478,mcalester,34.9334,-95.7697,64.49,32,20,3.44,US,1699732293
479,olyokminsk,60.3736,120.4264,20.3,71,100,13.33,RU,1699732305
480,tabuk,17.4189,121.4443,72.37,91,85,2.73,PH,1699732306
481,roma,43.2128,-75.4557,40.57,63,20,13.8,US,1699732308
482,puerto santa,-8.9906,-78.6456,70.61,77,55,12.62,PE,1699732309
483,male,4.1748,73.5089,80.55,94,75,3.44,MV,1699732310
484,strathalbyn,-35.2667,138.9,55.18,91,84,5.95,AU,1699732311
485,almeria,37.1667,-2.3333,55.44,58,97,7.74,ES,1699732312
486,richards bay,-28.783,32.0377,72.39,85,99,9.66,ZA,1699731805
487,mount gambier,-37.8333,140.7667,45.48,86,4,3.42,AU,1699731756
488,severobaykal'sk,55.65,109.3167,20.5,74,62,3.11,RU,1699732315
489,filadelfia,39.9523,-75.1638,57.7,48,75,12.66,US,1699731940
490,lata,40.1629,-8.3327,64.08,96,94,6.04,PT,1699732318
491,si racha,13.1737,100.9311,82.29,100,100,3.8,TH,1699732268
492,konarka,19.9,86.1167,70.2,70,7,4.63,IN,1699732322
493,maluso,6.543,121.8753,78.96,85,17,1.43,PH,1699732324
494,la ronge,55.1001,-105.2842,32.25,74,20,13.8,CA,1699731804
495,dhidhdhoo,6.8833,73.1,82.49,76,100,5.7,MV,1699732326
496,mantua,45.1667,10.7833,48.06,91,65,1.99,IT,1699732327
497,akureyri,65.6835,-18.0878,22.93,86,0,2.3,IS,1699731715
498,da lat,11.9465,108.4419,57.65,98,38,2.84,VN,1699732330
499,afaahiti,-17.75,-149.2833,85.87,81,87,14.43,PF,1699732331
500,soufriere,13.8562,-61.0566,85.6,81,75,26.46,LC,1699732332
501,natal,-5.795,-35.2094,84.85,61,40,20.71,BR,1699732097
502,jonquiere,48.4165,-71.2488,29.37,81,100,10.36,CA,1699732213
503,sena madureira,-9.0656,-68.6569,100.63,28,97,2.95,BR,1699732335
504,sirte,31.2089,16.5887,73.26,75,0,13.76,LY,1699732337
505,nizhneudinsk,54.9076,99.0276,6.31,95,32,2.15,RU,1699732338
506,alofi,-19.0595,-169.9187,73.29,94,100,16.11,NU,1699731772
507,oamaru,-45.0784,170.9801,62.38,53,61,5.95,NZ,1699731807
508,ambodifotatra,-16.9833,49.85,77.56,80,92,20.22,MG,1699732341
509,cova figueira,14.8905,-24.2934,73.06,72,5,10.8,CV,1699732343
510,lumezzane,45.65,10.25,44.69,69,39,5.61,IT,1699732344
511,saint-amable,45.6527,-73.2956,36.75,63,100,8.05,CA,1699732346
512,villa gesell,-37.2639,-56.973,71.06,62,13,16.71,AR,1699731864
513,chokwe,-24.5333,32.9833,79.99,44,3,6.96,MZ,1699732349
514,barczewo,53.8306,20.6911,43.0,93,100,3.74,PL,1699732350
515,camana,-16.6228,-72.7111,67.8,88,99,7.65,PE,1699732351
516,yeppoon,-23.1333,150.7333,67.78,66,81,11.25,AU,1699732353
517,xiangyang,32.0422,112.1448,40.8,88,72,4.36,CN,1699732332
518,ekibastuz,51.6667,75.3667,42.17,69,100,9.62,KZ,1699732356
519,ketchikan,55.3422,-131.6461,44.58,87,100,5.75,US,1699732357
520,mitu,1.1983,-70.1733,84.78,71,71,2.48,CO,1699731771
521,leamington,42.0549,-82.6062,48.27,30,6,7.16,CA,1699732361
522,leer,53.2316,7.461,46.94,96,96,10.65,DE,1699732362
523,obidos,-1.9175,-55.5181,95.81,37,24,7.61,BR,1699732363
524,svobodnyy,51.4,128.1333,6.24,85,33,8.37,RU,1699732364
525,malindi,-3.2175,40.1191,79.38,83,78,5.73,KE,1699732365
526,romanovo,52.6182,81.2271,36.59,85,100,11.5,RU,1699732367
527,sinop,41.7711,34.8709,62.37,51,100,14.65,TR,1699732369
528,korla,41.7597,86.1469,37.45,77,10,5.88,CN,1699732370
529,paramonga,-10.6667,-77.8333,71.85,74,13,13.33,PE,1699732372
530,tabou,4.423,-7.3528,78.39,87,62,6.26,CI,1699731942
531,shagonar,51.5333,92.8,11.75,95,100,3.0,RU,1699732375
532,matthew town,20.95,-73.6667,84.4,73,20,20.94,BS,1699732378
533,hilo,19.7297,-155.09,75.25,97,100,10.36,US,1699731788
534,debre tabor,11.85,38.0167,55.08,78,74,2.06,ET,1699732380
535,vila franca do campo,37.7167,-25.4333,69.89,99,6,6.22,PT,1699731908
536,upata,8.0086,-62.3989,88.27,48,100,3.51,VE,1699732383
537,anacapri,40.5558,14.2136,62.13,66,75,12.66,IT,1699732385
538,bandarbeyla,9.4942,50.8122,80.78,82,79,15.3,SO,1699731848
539,senanga,-16.1167,23.2667,80.46,42,100,4.05,ZM,1699732389
540,pingliang,35.5392,106.6861,29.75,39,2,3.67,CN,1699731848
541,margate,51.3813,1.3862,46.9,76,55,1.68,GB,1699732259
542,kruisfontein,-34.0033,24.7314,59.13,86,11,16.4,ZA,1699731801
543,tayaman,13.2295,120.5726,79.9,81,99,6.93,PH,1699732395
544,hermansverk,61.1846,6.8502,32.45,93,86,3.44,NO,1699732397
545,beni,0.5,29.4667,64.53,99,100,2.17,CD,1699732398
546,kaintragarh,20.7167,84.5333,69.08,65,0,1.72,IN,1699732400
547,mount pleasant,32.7941,-79.8626,55.38,96,100,9.22,US,1699732175
